{
  "code": "beekeeper",
  "class": "EntityAgent",
  "canClimb": true,
  "hitboxSize": {
    "x": 0.6,
    "y": 1.75
  },
  "deadHitboxSize": {
    "x": 0.75,
    "y": 0.5
  },
  "client": {
    "renderer": "Shape",
    "shape": {
      "base": "game:entity/humanoid/trader"
    },
    "texture": {
      "base": "game:entity/humanoid/trader",
      "alternates": [
        {
          "base": "game:entity/humanoid/traderclothes/set1"
        },
        {
          "base": "game:entity/humanoid/traderclothes/set2"
        },
        {
          "base": "game:entity/humanoid/traderclothes/set3"
        },
        {
          "base": "game:entity/humanoid/traderclothes/set4"
        },
        {
          "base": "game:entity/humanoid/traderclothes/set5"
        }
      ]
    },
    "behaviors": [
      {
        "code": "nametag",
        "showtagonlywhentargeted": true
      },
      {
        "code": "repulseagents"
      },
      {
        "code": "controlledphysics",
        "stepHeight": 1.01
      },
      {
        "code": "interpolateposition"
      },
      {
        "code": "questgiver"
      }
    ],
    "animations": [
      {
        "code": "die",
        "animation": "die",
        "animationSpeed": 1.75,
        "weight": 10,
        "blendMode": "AddAverage"
      },
      {
        "code": "hurt",
        "animation": "hurt",
        "animationSpeed": 2,
        "blendMode": "AddAverage"
      },
      {
        "code": "rowdywelcome",
        "animation": "rowdywelcome",
        "blendMode": "AddAverage"
      },
      {
        "code": "lazywelcome",
        "animation": "lazywelcome",
        "blendMode": "AddAverage"
      },
      {
        "code": "lazynod",
        "animation": "lazynod",
        "blendMode": "AddAverage"
      }
    ]
  },
  "server": {
    "attributes": {
      "pathfinder": {
        "minTurnAnglePerSec": 720,
        "maxTurnAnglePerSec": 1440
      }
    },
    "behaviors": [
      {
        "code": "nametag",
        "showtagonlywhentargeted": true,
        "selectFromRandomName": ["Callum", "Anders", "Ivath"]
      },
      {
        "code": "repulseagents"
      },
      {
        "code": "controlledphysics",
        "stepHeight": 1.01
      },
      {
        "code": "reviveondeath",
        "minHours": 24,
        "maxHours": 72
      },
      {
        "code": "health",
        "currenthealth": 100,
        "maxhealth": 100
      },
      {
        "code": "emotionstates",
        "states": [
          {
            "code": "aggressiveondamage",
            "duration": 6,
            "chance": 0.6,
            "slot": 0,
            "priority": 2,
            "accumType": "noaccum"
          },
          {
            "code": "fleeondamage",
            "duration": 10,
            "chance": 0.4,
            "slot": 0,
            "priority": 1,
            "accumType": "max"
          }
        ]
      },
      {
        "code": "taskai",
        "aitasks": [
          {
            "code": "meleeattack",
            "entityCodes": ["player"],
            "priority": 2,
            "damage": 1000,
            "mincooldown": 2500,
            "maxcooldown": 3500,
            "attackDurationMs": 900,
            "damagePlayerAtMs": 300,
            "animation": "Attackbalanced",
            "animationSpeed": 2,
            "whenInEmotionState": "aggressiveondamage"
          },
          {
            "code": "seekentity",
            "entityCodes": ["player"],
            "priority": 1.5,
            "mincooldown": 1000,
            "maxcooldown": 1500,
            "seekingRange": 20,
            "movespeed": 0.035,
            "animation": "Runbalanced",
            "animationSpeed": 1.75,
            "whenInEmotionState": "aggressiveondamage"
          },
          {
            "code": "fleeentity",
            "entityCodes": ["player"],
            "priority": 1.5,
            "movespeed": 0.035,
            "seekingRange": 12,
            "animation": "Runbalanced",
            "animationSpeed": 1.75,
            "whenInEmotionState": "fleeondamage"
          },
          {
            "code": "idle",
            "priority": 1.2,
            "minduration": 2500,
            "maxduration": 2500,
            "mincooldown": 2000,
            "maxcooldown": 10000,
            "animation": "laughbalanced"
          },
          {
            "code": "idle",
            "priority": 1.2,
            "minduration": 2500,
            "maxduration": 2500,
            "mincooldown": 5000,
            "maxcooldown": 30000,
            "animation": "idle2"
          },
          {
            "code": "lookaround",
            "priority": 0.5
          }
        ]
      },
      {
        "code": "questgiver",
        "quests": [],
        "selectrandom": false,
        "selectrandomcount": 3
      }
    ]
  },
  "sounds": {}
}
